cauhoi,cautraloi
RiceSense là gì?,"RiceSense là một nền tảng ứng dụng trí tuệ nhân tạo (AI) để nhận diện bệnh trên lá lúa từ hình ảnh chụp bằng điện thoại hoặc thiết bị số, giúp nông dân phát hiện bệnh nhanh chỉ trong 1–2 giây và nhận được gợi ý xử lý kịp thời."
Mục tiêu chính của RiceSense là gì?,"Mục tiêu chính của RiceSense là giúp nông dân phát hiện sớm các bệnh phổ biến trên cây lúa, giảm chi phí sử dụng thuốc bảo vệ thực vật, hạn chế tổn thất năng suất và góp phần thúc đẩy chuyển đổi số trong nông nghiệp."
RiceSense có dùng trí tuệ nhân tạo không?,"Có. RiceSense sử dụng các mô hình học sâu (deep learning), cụ thể là YOLOv8 và các kiến trúc CNN cho bài toán phát hiện đối tượng (object detection) để tự động nhận diện vị trí và loại bệnh trên lá lúa."
Ai là người sử dụng chính của RiceSense?,"Đối tượng sử dụng chính của RiceSense là nông dân trồng lúa, hợp tác xã và trang trại lúa, cán bộ khuyến nông, doanh nghiệp nông nghiệp và cả giáo viên – học sinh trong các dự án STEM về nông nghiệp thông minh."
RiceSense dùng loại mô hình AI nào?,"RiceSense sử dụng mô hình YOLOv8 cho nhiệm vụ phát hiện và phân loại bệnh trên lá lúa, kết hợp với các kỹ thuật học sâu khác để tối ưu độ chính xác và tốc độ khi triển khai trên web hoặc ứng dụng di động."
RiceSense giải quyết vấn đề gì trong thực tế?,"RiceSense giải quyết bài toán chẩn đoán bệnh lúa vốn đang phụ thuộc chủ yếu vào kinh nghiệm cá nhân. Nhiều nông dân chẩn đoán sai hoặc chậm, dẫn đến lạm dụng thuốc, tốn kém chi phí và giảm năng suất. RiceSense hỗ trợ chẩn đoán nhanh và nhất quán hơn."
Tại sao AI lại phù hợp với việc nhận diện bệnh lá lúa?,"AI, đặc biệt là các mô hình xử lý ảnh, rất phù hợp với nhiệm vụ nhận diện bệnh lá lúa vì chúng có thể học từ hàng nghìn bức ảnh đã gán nhãn, phát hiện các mẫu hình (pattern) mà mắt người khó nhận ra, và đưa ra kết quả nhanh chóng, ổn định, không bị mệt mỏi như con người."
RiceSense có hoạt động trên điện thoại không?,"Có. RiceSense được thiết kế để hoạt động trên cả nền tảng web và ứng dụng di động. Người dùng có thể chụp ảnh lá lúa bằng điện thoại, gửi lên hệ thống và nhận kết quả phân tích ngay trên thiết bị của mình."
RiceSense có thể phát hiện bao nhiêu loại bệnh?,"Phiên bản hiện tại của RiceSense dựa trên bộ dữ liệu gồm 8 lớp: Rice Hispa, Neck Blast, Narrow Brown Leaf Spot, Leaf Scald, Leaf Blast, Healthy Rice Leaf, Brown Spot và Bacterial Leaf Blight. Trong tương lai có thể mở rộng thêm các bệnh khác."
RiceSense hoạt động như thế nào từ góc nhìn người dùng?,"Quy trình sử dụng rất đơn giản: người dùng mở ứng dụng hoặc web, tải lên ảnh lá lúa bị nghi ngờ nhiễm bệnh, hệ thống AI phân tích ảnh, xác định vị trí vùng bệnh, phân loại loại bệnh và trả về kết quả cùng gợi ý xử lý trong vài giây."
Hệ thống RiceSense có hỗ trợ tiếng Việt không?,"Có. Giao diện và nội dung hướng dẫn của RiceSense được thiết kế bằng tiếng Việt, gần gũi với nông dân. Một số nơi còn có giải thích song ngữ Việt – Anh để phục vụ nhu cầu học tập, nghiên cứu và báo cáo khoa học."
RiceSense có miễn phí không?,"RiceSense có phiên bản miễn phí cho nông dân và cá nhân dùng để chẩn đoán bệnh cơ bản. Đối với hợp tác xã, doanh nghiệp và đơn vị quản lý muốn dùng thêm tính năng thống kê, dashboard quản lý và tích hợp sâu, sẽ có gói Premium tính phí hợp lý."
RiceSense thuộc công ty nào phát triển?,RiceSense được phát triển trong khuôn khổ dự án khởi nghiệp của học sinh và hướng đến trở thành một sản phẩm của Công ty Nông Trí Việt – đơn vị định hướng phát triển các giải pháp AI cho nông nghiệp thông minh tại Việt Nam.
RiceSense có cần kết nối Internet để sử dụng không?,"Hiện tại, RiceSense cần kết nối Internet để gửi ảnh lên máy chủ, nơi mô hình AI thực hiện suy luận. Trong tương lai, nhóm phát triển có thể nghiên cứu thêm phiên bản chạy offline trên thiết bị nếu cấu hình phần cứng cho phép."
RiceSense có dùng được ảnh chụp ban đêm không?,"RiceSense hoạt động tốt nhất với ảnh chụp vào ban ngày hoặc nơi có đủ ánh sáng. Ảnh ban đêm, ánh sáng yếu hoặc bị nhiễu mạnh sẽ làm giảm chất lượng nhận diện, vì vậy người dùng nên chụp trong điều kiện sáng rõ."
RiceSense có xử lý được ảnh mờ không?,"Hệ thống vẫn có thể xử lý ảnh hơi mờ nhưng độ chính xác sẽ giảm. Khuyến nghị là chụp ảnh rõ nét, không rung tay, lá lúa nằm trong vùng lấy nét để mô hình AI có đủ thông tin nhận dạng vùng bệnh chính xác hơn."
Độ chính xác của RiceSense khi phát hiện bệnh là khoảng bao nhiêu?,"Độ chính xác (mAP50) của mô hình RiceSense trên bộ dữ liệu kiểm thử có thể đạt khoảng 80–90% tùy từng loại bệnh. Một số bệnh có biểu hiện rõ ràng sẽ dễ phát hiện hơn, trong khi những bệnh rất giống nhau có thể khó phân biệt hơn."
RiceSense có phù hợp dùng trong các tiết học STEM hoặc câu lạc bộ nghiên cứu không?,"Rất phù hợp. RiceSense là ví dụ điển hình của việc ứng dụng AI vào nông nghiệp. Giáo viên có thể dùng để minh họa cho học sinh về machine learning, xử lý ảnh, lập trình ứng dụng và khởi nghiệp sáng tạo trong lĩnh vực nông nghiệp số."
RiceSense có bảo mật hình ảnh và dữ liệu người dùng không?,"Có. Hệ thống tuân thủ nguyên tắc chỉ sử dụng ảnh cho mục đích phân tích bệnh, không công khai ảnh cá nhân khi chưa được phép. Dữ liệu có thể được ẩn danh và tổng hợp ở mức thống kê khi phục vụ nghiên cứu hoặc báo cáo."
RiceSense có phân biệt được lá lúa khỏe và lá bị bệnh không?,"Có. Dataset của RiceSense có một lớp riêng cho 'Healthy Rice Leaf' (lá lúa khỏe mạnh), nhờ đó mô hình có thể nhận diện và phân biệt giữa lá không bệnh và lá có bệnh, giúp nông dân yên tâm hơn khi kiểm tra ruộng."
Dataset RiceSense lấy từ nguồn nào?,"RiceSense sử dụng bộ dữ liệu Rice Leaf Spot Disease Annotated Dataset trên Kaggle. Đây là bộ dữ liệu ảnh lá lúa đã được gắn nhãn cho bài toán phát hiện bệnh bằng kỹ thuật object detection, rất phù hợp để huấn luyện các mô hình YOLO."
Bộ dữ liệu dùng cho RiceSense có bao nhiêu hình ảnh?,"Bộ dữ liệu gồm 3.567 hình ảnh lá lúa được chụp trong điều kiện thực tế ngoài đồng ruộng. Mỗi ảnh đều đã được gắn nhãn vùng bệnh hoặc vùng lá khỏe dưới dạng bounding box, giúp mô hình học tốt vị trí và loại bệnh."
Bộ dữ liệu này phục vụ cho nhiệm vụ gì?,"Bộ dữ liệu được thiết kế cho nhiệm vụ phát hiện đối tượng (object detection), nghĩa là không chỉ phân loại bệnh mà còn xác định vị trí của từng vùng bệnh cụ thể trên lá lúa thông qua các hộp giới hạn (bounding boxes)."
Bộ dữ liệu có bao nhiêu lớp (loại bệnh)?,"Bộ dữ liệu có 8 lớp chính: Rice Hispa, Neck Blast, Narrow Brown Leaf Spot, Leaf Scald, Leaf Blast, Healthy Rice Leaf, Brown Spot và Bacterial Leaf Blight. Mỗi lớp tương ứng với một loại bệnh hoặc trạng thái lá cụ thể."
Bộ dữ liệu có chứa bounding box cho từng bệnh không?,Có. Mỗi vùng bệnh hoặc vùng lá khỏe mạnh trong ảnh đều được gắn một hộp giới hạn (bounding box) kèm nhãn lớp. Điều này rất quan trọng cho các mô hình như YOLO để học được vị trí và kích thước vùng bệnh.
Các annotation trong dataset có tương thích với YOLO không?,"Có. Nhãn trong bộ dữ liệu được tổ chức theo định dạng phù hợp cho YOLO, với mỗi dòng chứa ID lớp và các tọa độ bounding box đã được chuẩn hóa. Điều này giúp việc huấn luyện mô hình YOLOv5/YOLOv8 trở nên thuận tiện và trực tiếp."
Ảnh trong bộ dữ liệu có được chụp ngoài đồng ruộng không?,"Có. Hầu hết ảnh được chụp trong điều kiện thực tế ngoài đồng, với ánh sáng và nền cảnh đa dạng. Điều này giúp mô hình huấn luyện có khả năng tổng quát hóa tốt hơn khi áp dụng ở các ruộng lúa thật sự."
Bộ dữ liệu có ảnh lá lúa khỏe không?,"Có, một trong các lớp của dataset là 'Healthy Rice Leaf', đại diện cho lá lúa không bị bệnh. Việc bổ sung lớp lá khỏe giúp mô hình phân biệt rõ hơn giữa lá bệnh và lá bình thường, tránh báo động sai."
Tại sao bộ dữ liệu lại có tới 8 lớp khác nhau?,"Vì trong thực tế canh tác, cây lúa có nhiều loại bệnh với biểu hiện trên lá khác nhau. Việc phân tách thành 8 lớp giúp mô hình AI có thể phân loại chi tiết từng loại bệnh, thay vì chỉ biết lá lúa 'bị bệnh' chung chung."
Bộ dữ liệu có bị mất cân bằng giữa các lớp không?,"Có sự chênh lệch nhất định về số lượng mẫu giữa các lớp, một số bệnh phổ biến có nhiều ảnh hơn các bệnh ít gặp. Khi huấn luyện mô hình, cần chú ý đến vấn đề mất cân bằng lớp và có thể dùng các kỹ thuật augmentation hoặc trọng số lớp."
Bộ dữ liệu có cần làm sạch trước khi huấn luyện không?,"Có. Trước khi huấn luyện, nên kiểm tra và loại bỏ các ảnh quá mờ, trùng lặp, nhãn sai hoặc bounding box không hợp lý. Việc làm sạch dữ liệu giúp mô hình học tốt hơn và tránh bị nhiễu."
Bounding box trong bộ dữ liệu có chính xác không?,"Nhìn chung, các bounding box được gắn khá chính xác theo bệnh. Tuy nhiên, như mọi dataset thực tế, vẫn có thể tồn tại một số trường hợp nhãn chưa hoàn hảo, nên tốt nhất là chọn ngẫu nhiên một số ảnh để kiểm tra thủ công."
Bộ dữ liệu này phù hợp với những mô hình nào ngoài YOLO?,"Ngoài YOLOv5 và YOLOv8, bộ dữ liệu còn có thể dùng cho các mô hình phát hiện đối tượng khác như Faster R-CNN, SSD, EfficientDet, miễn là ta chuyển đổi annotation sang định dạng phù hợp với framework tương ứng."
Bộ dữ liệu có ảnh lúa ban đêm hoặc ánh sáng yếu không?,"Chủ yếu ảnh được chụp vào ban ngày với ánh sáng tự nhiên. Nếu có ảnh ánh sáng yếu thì số lượng không nhiều. Khi triển khai thực tế, nên khuyến khích nông dân chụp ảnh trong điều kiện đủ sáng."
Kích thước ảnh trong bộ dữ liệu có đồng nhất không?,"Kích thước ảnh trong bộ dữ liệu không hoàn toàn đồng nhất, có nhiều độ phân giải khác nhau. Khi huấn luyện, ảnh thường được resize về kích thước chuẩn như 640x640 để phù hợp với mô hình YOLO."
Bộ dữ liệu có nhiều góc chụp khác nhau không?,"Có. Lá lúa trong ảnh có thể được chụp ở nhiều góc nhìn, khoảng cách và nền cảnh khác nhau. Điều này giúp mô hình học được các biểu hiện bệnh trong nhiều điều kiện quan sát, tăng khả năng tổng quát."
Bộ dữ liệu có hỗ trợ segmentation (phân vùng) không?,"Bộ dữ liệu hiện tại tập trung cho bài toán detection nên chủ yếu là bounding box. Nếu muốn dùng cho segmentation, cần tự tạo thêm mask hoặc sử dụng các bộ dữ liệu khác hỗ trợ segment chi tiết theo vùng bệnh."
Trong một ảnh có thể có nhiều vùng bệnh không?,"Có. Một ảnh có thể chứa nhiều lá lúa và nhiều vùng bệnh khác nhau. Mỗi vùng bệnh sẽ có một bounding box riêng với nhãn tương ứng, và mô hình có thể phát hiện tất cả trong một lần dự đoán."
Dataset có chứa ảnh nhiễu hoặc khó nhận diện không?,"Như mọi dataset thực tế, vẫn có một số ảnh bị nhiễu, nền phức tạp hoặc bệnh quá nhẹ nên khó nhận diện. Tuy nhiên, phần lớn ảnh vẫn đủ chất lượng để mô hình học được đặc trưng cần thiết."
Tại sao cần dataset đã annotate thay vì chỉ ảnh thô?,"Dataset đã annotate (gắn nhãn) giúp mô hình học được thông tin 'đâu là vùng bệnh' và 'bệnh loại gì'. Nếu chỉ có ảnh thô không nhãn, mô hình không thể học có giám sát. Annotation chính là nền tảng để huấn luyện mô hình AI giám sát (supervised learning)."
RiceSense sử dụng YOLO phiên bản nào?,"RiceSense sử dụng YOLOv8, là phiên bản mới và mạnh mẽ trong họ YOLO, hỗ trợ tốt cho bài toán phát hiện đối tượng, tối ưu cả về tốc độ lẫn độ chính xác, và có API thuận tiện để tích hợp vào ứng dụng."
YOLO hoạt động như thế nào trong việc phát hiện bệnh lá lúa?,"YOLO chia ảnh đầu vào thành các vùng lưới và trực tiếp dự đoán bounding box cùng nhãn lớp cho từng vùng trong một lần suy luận. Nhờ vậy, mô hình có thể nhanh chóng phát hiện vùng lá bị bệnh và phân loại loại bệnh tương ứng."
"YOLO có nhanh không, có dùng được cho ứng dụng thực tế không?","YOLO nổi tiếng vì tốc độ rất nhanh. Với YOLOv8, mô hình có thể xử lý hàng chục đến hàng trăm khung hình mỗi giây trên GPU, đủ để chạy realtime. Khi triển khai trên server cho RiceSense, việc xử lý ảnh đơn lẻ của nông dân là hoàn toàn nhẹ nhàng."
YOLO có phát hiện được nhiều bệnh trong cùng một ảnh không?,"Có. Nếu trong một ảnh có nhiều lá lúa hoặc nhiều vùng bệnh khác nhau, YOLO có thể phát hiện đồng thời nhiều bounding box, mỗi box gán với một lớp bệnh tương ứng. Điều này rất phù hợp cho các ảnh chụp nguyên bụi lúa."
YOLO có phân loại bệnh luôn không hay chỉ phát hiện vùng bệnh?,"YOLO thực hiện cả hai việc trong một mô hình: vừa phát hiện vùng bệnh (xác định bounding box) vừa phân loại xem vùng đó thuộc loại bệnh nào trong số các lớp đã được huấn luyện, ví dụ như đạo ôn, đốm nâu hay bạc lá."
Khi huấn luyện YOLO có cần GPU không?,"Khi huấn luyện YOLO, đặc biệt với bộ dữ liệu hàng nghìn ảnh, GPU là gần như bắt buộc để giảm thời gian huấn luyện từ hàng chục giờ xuống còn vài giờ. Khi triển khai inference, có thể dùng GPU hoặc CPU tùy yêu cầu tốc độ."
YOLO có nhận diện được lá khỏe không?,"Có. Nếu mô hình được huấn luyện với lớp 'Healthy Rice Leaf', YOLO có thể phát hiện cả các vùng lá khỏe. Điều này giúp phân biệt rõ khu vực bình thường và khu vực bị bệnh trong một ảnh."
YOLO có tự động học thêm từ ảnh mới của nông dân không?,"Phiên bản triển khai thông thường của YOLO không tự động cập nhật từ ảnh mới. Để cải thiện mô hình, đội ngũ phát triển cần thu thập thêm dữ liệu, gán nhãn và huấn luyện lại (hoặc fine-tune) định kỳ."
YOLO có dùng được ảnh chụp từ điện thoại bình dân không?,"Hoàn toàn được. Miễn là ảnh đủ sáng, không quá mờ và vùng lá lúa được chụp rõ trong khung hình, mô hình YOLO vẫn có thể hoạt động tốt với ảnh từ điện thoại bình dân."
YOLO có phát hiện được bệnh ở giai đoạn rất nhẹ không?,"Khả năng phát hiện giai đoạn rất nhẹ còn phụ thuộc vào dữ liệu huấn luyện. Nếu dataset có nhiều ảnh bệnh ở giai đoạn đầu thì mô hình sẽ học tốt hơn. Tuy nhiên, những tổn thương cực nhỏ vẫn có thể khó nhận diện, kể cả với AI."
YOLO khác gì so với các mô hình CNN phân loại ảnh thông thường?,"CNN phân loại ảnh thông thường chỉ cho biết 'toàn bộ ảnh' thuộc lớp nào, ví dụ ảnh này có bệnh đạo ôn hay không. YOLO thì vừa phát hiện vị trí vùng bệnh trong ảnh, vừa phân loại loại bệnh cho từng vùng, nên thông tin chi tiết và hữu ích hơn."
Tại sao RiceSense ưu tiên dùng YOLOv8 thay vì các phiên bản cũ hơn?,"YOLOv8 mang lại nhiều cải tiến về kiến trúc và huấn luyện so với các phiên bản trước như YOLOv5, giúp tăng độ chính xác, tốc độ và khả năng tối ưu mô hình. Đồng thời, thư viện Ultralytics YOLOv8 cũng dễ tích hợp và bảo trì hơn."
YOLO có chạy được trên video hoặc drone không?,"Có. Mô hình YOLO có thể chạy trên luồng video realtime, ví dụ từ flycam hoặc camera cố định trên ruộng, để phát hiện vùng có dấu hiệu bệnh. RiceSense trong tương lai có thể mở rộng theo hướng này."
YOLO có phân biệt được các giống lúa khác nhau không?,"Mô hình hiện tại tập trung vào nhận diện bệnh trên lá lúa, không phân loại giống lúa. Tuy nhiên, với dữ liệu phù hợp, ta hoàn toàn có thể huấn luyện thêm mô hình để nhận diện từng giống lúa khác nhau."
YOLO có yêu cầu ảnh phải đúng một kích thước cố định không?,"Khi suy luận, YOLO có thể tự resize ảnh về kích thước chuẩn mà mô hình yêu cầu (ví dụ 640x640). Người dùng không cần tự crop ảnh, chỉ cần chụp sao cho lá lúa rõ ràng là được."
YOLO có cần nhiều dữ liệu mới hiệu quả không?,"Càng nhiều dữ liệu, đặc biệt là dữ liệu đa dạng và gán nhãn chính xác, thì mô hình càng học tốt. Với các bài toán nông nghiệp, việc thu thập thêm ảnh từ nhiều vùng, nhiều vụ mùa khác nhau sẽ làm mô hình mạnh hơn."
YOLO có khó triển khai trong thực tế nông thôn không?,"Khó khăn chính không nằm ở mô hình mà ở hạ tầng kết nối và thiết bị. Tuy nhiên, khi có smartphone và kết nối 3G/4G cơ bản, RiceSense có thể triển khai được. Giao diện ứng dụng được thiết kế đơn giản, thân thiện cho nông dân."
YOLO có dùng được cho các cây trồng khác ngoài lúa không?,"Có. Nguyên lý là giống nhau: chỉ cần có dataset ảnh và nhãn bệnh tương ứng, ta có thể huấn luyện mô hình YOLO cho cây ngô, cà phê, rau màu, cây ăn quả, v.v. RiceSense có thể mở rộng theo hướng này trong tương lai."
Khi YOLO báo sai bệnh thì có cách nào xử lý không?,"Nếu nghi ngờ kết quả, người dùng nên chụp lại ảnh rõ hơn và thử lại. Ngoài ra, ứng dụng có thể gợi ý mức độ tin cậy (confidence). Với các ca khó, nông dân nên kết hợp ý kiến AI với kinh nghiệm bản thân hoặc hỏi chuyên gia nông nghiệp."
YOLO có thể kết hợp với các mô hình khác để tăng độ chính xác không?,"Có. Ta có thể kết hợp YOLO với các mô hình phân loại tinh hơn, hoặc sử dụng thêm các bước hậu xử lý dựa trên kiến thức chuyên gia. Ngoài ra, ensemble nhiều mô hình cũng là cách tăng độ ổn định."
Bệnh đạo ôn lá lúa là gì?,"Bệnh đạo ôn lá (Leaf Blast) do nấm Pyricularia oryzae gây ra, tạo ra các vết cháy hình thoi màu nâu xám trên lá. Nếu bệnh nặng, lá có thể khô trắng, ảnh hưởng lớn đến quang hợp và giảm năng suất lúa."
Dấu hiệu nhận biết bệnh cháy lá trên lúa là gì?,"Bệnh cháy lá thường biểu hiện bằng các vết cháy dài ở mép lá hoặc giữa phiến lá, có màu nâu hoặc vàng cháy. Khi bị nặng, phần lớn diện tích lá có thể khô lại, làm cây lúa yếu đi rõ rệt."
Bệnh bạc lá vi khuẩn ở lúa là bệnh gì?,"Bệnh bạc lá do vi khuẩn Xanthomonas oryzae pv. oryzae gây ra, làm lá lúa bị cháy từ chóp xuống, tạo màu trắng bạc hoặc vàng nhạt. Bệnh thường xuất hiện sau mưa bão, trên ruộng trồng dày và nhiều phân đạm."
Bệnh đốm nâu trên lá lúa có đặc điểm gì?,"Bệnh đốm nâu tạo ra các đốm tròn hoặc bầu dục màu nâu trên lá, đôi khi có quầng vàng xung quanh. Nếu bệnh nặng, nhiều đốm liên kết làm lá vàng và khô, ảnh hưởng đến khả năng quang hợp của cây lúa."
Bệnh khô vằn cổ bông là gì?,"Neck Blast (khô vằn cổ bông) là dạng bệnh tấn công vào cổ bông hoặc thân, gây vết bệnh màu nâu tím, làm bông lúa dễ gãy, hạt không chắc hoặc lép, gây thất thu sản lượng đáng kể."
Bệnh Rice Hispa là gì?,"Rice Hispa là bệnh do bọ cánh cứng nhỏ gọi là Hispa gây hại. Chúng ăn biểu bì lá, tạo thành các vệt trắng hoặc rách trên lá như bị cào xước. Nếu mật độ cao, lá bị khô và cây lúa còi cọc."
Lá lúa khỏe mạnh trông như thế nào?,"Lá lúa khỏe thường có màu xanh đều, bề mặt lá bóng, không có các vết đốm, cháy, rách hoặc bạc màu. Gân lá rõ, không có dấu hiệu bị sâu bệnh tấn công hoặc hư hại cơ giới."
Bệnh do nấm trên lá lúa có nguy hiểm không?,"Các bệnh do nấm như đạo ôn, cháy lá, khô vằn rất nguy hiểm vì có thể lây lan nhanh trong điều kiện thời tiết nóng ẩm. Nếu không xử lý kịp thời, chúng có thể làm giảm đáng kể năng suất và chất lượng hạt lúa."
Bệnh bạc lá có dễ lây lan không?,"Có. Bệnh bạc lá do vi khuẩn gây ra, có thể lây qua nước mưa, nước tưới, dòng chảy trên ruộng hoặc qua các vết thương trên lá do gió, côn trùng. Vì vậy, khi trong ruộng xuất hiện bệnh, cần có biện pháp quản lý nhanh chóng."
Thời tiết nào dễ làm bệnh lá lúa bùng phát?,"Thời tiết nóng ẩm, mưa nhiều, ruộng không thoát nước tốt là điều kiện thuận lợi để nhiều bệnh lá lúa phát triển, đặc biệt là bệnh do nấm và vi khuẩn. Ngoài ra, bón thừa đạm cũng làm cây dễ nhiễm bệnh hơn."
Những ai thường gặp khó khăn khi phát hiện bệnh lúa?,"Nông dân lớn tuổi, người mới làm nông hoặc chưa được tập huấn kỹ thuật thường gặp khó khăn khi phân biệt các loại bệnh. Một số bệnh có triệu chứng khá giống nhau khiến việc chẩn đoán bằng mắt thường không dễ dàng."
Vì sao cần phát hiện bệnh lúa sớm?,"Phát hiện bệnh sớm giúp can thiệp kịp thời, giảm thiểu lây lan sang diện tích lớn, tiết kiệm chi phí thuốc, giảm tác động xấu đến môi trường và tránh những tổn thất nặng nề về năng suất."
Bệnh lá lúa có thể chữa khỏi hoàn toàn được không?,"Nhiều trường hợp nếu phát hiện sớm và xử lý đúng biện pháp (kết hợp thuốc, canh tác hợp lý), bệnh có thể được khống chế, không gây thiệt hại lớn. Tuy nhiên, một số bệnh nặng nếu can thiệp muộn sẽ rất khó phục hồi."
Bệnh lá lúa có làm giảm chất lượng hạt gạo không?,"Có. Bệnh lá làm giảm khả năng quang hợp của cây, dẫn đến hạt gạo không đầy, dễ lép, chất lượng gạo giảm, thậm chí ảnh hưởng tới màu sắc và giá trị thương mại của gạo."
Bệnh lá lúa có ảnh hưởng đến sự sinh trưởng chung của cây không?,"Có. Lá là cơ quan quang hợp chính. Khi diện tích lá bị bệnh nhiều, khả năng tổng hợp chất dinh dưỡng giảm, cây lúa sinh trưởng chậm, yếu, dễ đổ ngã và cho năng suất thấp hơn."
Bệnh nào trên lá lúa thường gây hại năng suất nhiều nhất?,"Các bệnh như đạo ôn, bạc lá và khô vằn cổ bông thường gây thiệt hại nặng nếu không được kiểm soát, vì chúng ảnh hưởng trực tiếp đến khả năng nuôi hạt hoặc làm gãy bông."
Bệnh lá lúa xuất hiện mạnh nhất ở giai đoạn nào của cây?,Nhiều bệnh lá phát triển mạnh ở giai đoạn đẻ nhánh và làm đòng. Đây là giai đoạn cây cần nhiều dinh dưỡng và dễ bị tác động bởi điều kiện thời tiết bất lợi.
Lá lúa bị bệnh có luôn phải phun thuốc ngay không?,"Không phải lúc nào cũng cần phun thuốc ngay. Cần đánh giá mức độ bệnh, giai đoạn sinh trưởng và điều kiện ruộng. Trong một số trường hợp bệnh nhẹ, có thể ưu tiên biện pháp canh tác, vệ sinh đồng ruộng và chỉ dùng thuốc khi thật sự cần thiết."
Có thể dựa hoàn toàn vào AI để chẩn đoán bệnh lúa không?,"AI là một công cụ hỗ trợ rất tốt nhưng không nên là yếu tố duy nhất. Nên kết hợp kết quả AI với kinh nghiệm của nông dân, khuyến cáo kỹ thuật và khi cần thì hỏi thêm ý kiến chuyên gia để có quyết định xử lý chính xác."
RiceSense có cung cấp gợi ý xử lý bệnh cho nông dân không?,"Có. Sau khi nhận diện bệnh, RiceSense có thể cung cấp các khuyến nghị tham khảo dựa trên tài liệu của ngành nông nghiệp và ý kiến chuyên gia, giúp nông dân có định hướng xử lý an toàn, hiệu quả hơn."
RiceSense có phù hợp cho hợp tác xã nông nghiệp không?,"Rất phù hợp. Hợp tác xã có thể sử dụng RiceSense để giám sát tình hình bệnh trên diện rộng, thu thập dữ liệu từ nhiều hộ nông dân và sử dụng dashboard thống kê để ra quyết định phòng trừ bệnh hiệu quả hơn."
RiceSense giúp nông dân tiết kiệm chi phí như thế nào?,"RiceSense giúp nông dân chẩn đoán bệnh chính xác hơn, tránh phun thuốc sai bệnh hoặc lạm dụng thuốc. Nhờ đó giảm chi phí thuốc, công lao động và hạn chế những lần phun không cần thiết."
RiceSense có hỗ trợ nhiều người dùng truy cập cùng lúc không?,"Có. Hệ thống backend được thiết kế để xử lý đồng thời nhiều yêu cầu, cho phép nhiều nông dân, hợp tác xã và đơn vị sử dụng cùng lúc mà không làm gián đoạn dịch vụ."
App RiceSense có dễ sử dụng cho người ít rành công nghệ không?,"Giao diện RiceSense được thiết kế đơn giản, trực quan, với các nút rõ ràng và hướng dẫn từng bước, giúp cả người ít kinh nghiệm sử dụng điện thoại thông minh vẫn có thể thao tác được."
RiceSense có phụ thuộc vào giống lúa cụ thể không?,"Mô hình hiện tại tập trung vào việc nhận diện bệnh dựa trên biểu hiện trên lá, nên không phụ thuộc mạnh vào giống lúa. Tuy nhiên, nếu mở rộng sang nhiều giống đặc biệt, việc bổ sung dữ liệu sẽ giúp mô hình chính xác hơn."
RiceSense có thể hợp tác với đại lý vật tư nông nghiệp không?,"Có. Đại lý vật tư có thể trở thành đối tác, nơi RiceSense gợi ý danh mục thuốc hoặc vật tư phù hợp khi nông dân cần. Đây cũng là một trong các kênh doanh thu tiềm năng của dự án."
RiceSense có chức năng thống kê bệnh theo khu vực không?,"Phiên bản nâng cao cho HTX và cơ quan quản lý có thể cung cấp bản đồ phân bố bệnh theo khu vực, thời gian, giúp theo dõi xu hướng lây lan và lên kế hoạch phòng ngừa trên diện rộng."
RiceSense có thể mở rộng sang cây trồng khác ngoài lúa không?,"Có. Về mặt công nghệ, RiceSense có thể được mở rộng sang cây trồng khác như ngô, cà phê, rau màu, cây ăn quả… miễn là có bộ dữ liệu ảnh và nhãn bệnh tương ứng để huấn luyện mô hình."
RiceSense đảm bảo độ chính xác như thế nào khi áp dụng thực tế?,"Độ chính xác được đánh giá bằng các chỉ số như mAP, precision, recall trên tập dữ liệu kiểm thử. Bên cạnh đó, nhóm phát triển sẽ liên tục thu thập phản hồi thực tế, cập nhật dữ liệu mới và cải tiến mô hình để hiệu quả ngày càng cao."
Người dùng có thể góp ý để cải thiện RiceSense không?,"Có. Người dùng có thể gửi góp ý trực tiếp trong ứng dụng hoặc qua các kênh mạng xã hội, email, hotline. Những góp ý thiết thực sẽ giúp nhóm phát triển điều chỉnh giao diện, chức năng và mô hình AI tốt hơn."
RiceSense có hỗ trợ tiếng Anh cho người nước ngoài không?,"RiceSense có thể cung cấp giao diện song ngữ Việt – Anh, phù hợp với các chuyên gia, nhà nghiên cứu, hoặc cuộc thi, hội thảo có yếu tố quốc tế."
Dự án RiceSense xuất phát từ ý tưởng nào?,"RiceSense xuất phát từ thực trạng nông dân vẫn chủ yếu dựa vào kinh nghiệm để nhận diện bệnh lúa, trong bối cảnh Việt Nam là nước xuất khẩu gạo lớn. Ý tưởng là dùng AI để hỗ trợ chẩn đoán bệnh nhanh, chính xác và dễ tiếp cận."
RiceSense có phù hợp để trình bày trong các cuộc thi khởi nghiệp không?,"Rất phù hợp. Dự án kết hợp công nghệ AI, giải quyết vấn đề nông nghiệp thực tế và có mô hình kinh doanh rõ ràng, nên phù hợp cho các cuộc thi khởi nghiệp, sáng tạo, STEM và nghiên cứu khoa học học sinh sinh viên."
RiceSense chạy trên những thiết bị nào?,"RiceSense có thể chạy trên máy tính, laptop, tablet và điện thoại thông minh có trình duyệt web hoặc cài được ứng dụng di động, miễn là có kết nối internet ổn định."
RiceSense có hoạt động tốt trên mạng yếu không?,"Hệ thống được tối ưu để ảnh upload có kích thước vừa phải và xử lý phía server, nên vẫn có thể hoạt động trên mạng 3G/4G ở vùng nông thôn, tuy tốc độ phản hồi có thể chậm hơn chút so với mạng mạnh."
Tại sao cần chụp ảnh rõ khi dùng RiceSense?,"Ảnh rõ nét, không rung, đủ ánh sáng giúp mô hình AI nhìn thấy rõ các đặc trưng của bệnh trên lá, từ đó đưa ra kết quả chính xác hơn. Ảnh mờ hoặc thiếu sáng dễ khiến mô hình nhầm lẫn hoặc bỏ sót bệnh."
AI có thể thay thế hoàn toàn chuyên gia nông nghiệp không?,"AI là công cụ trợ giúp rất mạnh, nhưng không nên thay thế hoàn toàn chuyên gia. Kết quả AI nên được xem như một ý kiến gợi ý, kết hợp với kinh nghiệm nông dân, khuyến cáo của khuyến nông và chuyên gia để đưa ra quyết định tối ưu."
RiceSense có phù hợp cho tất cả vùng trồng lúa ở Việt Nam không?,"Về nguyên tắc, mô hình học từ nhiều nguồn dữ liệu khác nhau nên có thể áp dụng ở nhiều vùng. Tuy nhiên, việc thu thập thêm dữ liệu từ từng vùng (ĐBSCL, ĐBSH, miền Trung…) sẽ giúp mô hình thích nghi tốt hơn."
RiceSense có yêu cầu phí bảo trì cao không?,"Đối với người dùng cá nhân, phiên bản miễn phí gần như không phát sinh phí bảo trì. Đối với HTX hoặc doanh nghiệp dùng gói Premium, chi phí duy trì hàng năm được thiết kế ở mức hợp lý, tương xứng với giá trị mang lại."
RiceSense có thể nhận diện nhiều lá trong một bức ảnh không?,"Có. Nếu bức ảnh chứa nhiều lá lúa, mô hình có thể phát hiện nhiều vùng lá bệnh và lá khỏe khác nhau. Tuy nhiên, để kết quả rõ ràng hơn, vẫn khuyến nghị chụp cận cảnh lá nghi ngờ bị bệnh."
RiceSense có tích hợp chatbot để giải thích bệnh cho nông dân không?,"Có. Chatbot tích hợp trong hệ thống RiceSense có nhiệm vụ giải thích tên bệnh, triệu chứng, nguyên nhân, gợi ý hướng xử lý và trả lời các câu hỏi thường gặp của nông dân về việc chăm sóc và phòng trừ bệnh lúa."
"Lá lúa tôi bị nhiều đốm nâu nâu, đó có phải là bệnh không?","Rất có thể đó là biểu hiện của bệnh đốm nâu (Brown Spot). Bệnh tạo ra các chấm nâu tròn hoặc bầu dục trên mặt lá. Bạn nên chụp rõ lá bị bệnh và dùng RiceSense để kiểm tra, đồng thời quan sát xem đốm có lan rộng và lá có vàng đi không."
Làm sao tôi phân biệt được bệnh đạo ôn lá với bệnh cháy lá?,"Đạo ôn lá thường tạo vết hình thoi, ở giữa xám trắng, viền nâu, còn cháy lá thường tạo vệt cháy dọc theo mép hoặc giữa lá, màu nâu vàng kéo dài. Bạn có thể chụp ảnh và để AI RiceSense phân tích, kết hợp với mô tả triệu chứng để phân biệt chính xác hơn."
"Lá lúa bị cháy từ chóp lá xuống, đó là bệnh gì vậy?","Lá cháy từ chóp xuống và chuyển màu trắng bạc hoặc vàng nhạt thường là dấu hiệu của bệnh bạc lá vi khuẩn. Bệnh này thường phát sinh sau mưa lớn, gió mạnh hoặc bón nhiều đạm. Nên hạn chế bón đạm thêm và tham khảo hướng dẫn dùng thuốc đặc trị bạc lá."
"Lúa bị vàng lá nhưng không thấy đốm bệnh rõ, có phải bị bệnh không?","Vàng lá có thể do nhiều nguyên nhân: dinh dưỡng thiếu hoặc thừa, ngập úng, sâu hại hoặc bệnh. Bạn nên quan sát kỹ xem có đốm, cháy, bạc màu hay vệt lạ trên lá không. Nếu không chắc, hãy chụp ảnh lá ở nhiều góc và dùng RiceSense để nhận diện."
Bệnh bạc lá nhìn bằng mắt thường như thế nào?,"Lá nhiễm bệnh bạc lá thường có những vệt dài từ chóp lá kéo xuống, ban đầu màu xanh nhạt rồi chuyển sang trắng bạc hoặc vàng nhạt. Khi bẻ lá có thể thấy nước chảy từ vết bệnh ra. Đây là bệnh do vi khuẩn gây ra, dễ lây trong điều kiện thời tiết ẩm ướt."
"Lá lúa bị rách rách như bị con gì ăn, có phải bệnh Hispa không?","Nếu trên lá có các vệt trắng hoặc rách, giống như bị cào xước dọc theo chiều lá, rất có thể là do bọ Hispa gây hại. Chúng ăn phần biểu bì lá. Bạn nên kiểm tra kỹ mặt lá xem có côn trùng nhỏ màu đen hay không và tham khảo hướng dẫn phòng trừ sâu hại này."
"Lá lúa bị xém mép, phần mép lá chuyển màu nâu, có phải bệnh không?","Xém mép lá có thể do cháy nắng, do phun thuốc không đúng cách hoặc do bệnh. Nếu vết xém lan không đều, có ranh giới rõ và xuất hiện nhiều lá trong ruộng, bạn nên chụp ảnh gửi lên RiceSense để hỗ trợ chẩn đoán và cân nhắc điều chỉnh chế độ tưới, phun."
Bệnh đạo ôn có dễ lây lan trên ruộng không?,"Có. Bệnh đạo ôn là bệnh do nấm, lây lan nhanh qua gió, nước mưa và tàn dư cây trồng. Nếu không xử lý sớm, bệnh có thể từ lá lan vào cổ bông, gây thiệt hại nặng. Vì vậy, khi phát hiện dấu hiệu ban đầu, cần theo dõi sát và áp dụng biện pháp phòng trừ."
Bệnh cháy lá nếu không chữa kịp thì có giảm năng suất nhiều không?,"Nếu bệnh cháy lá phát triển mạnh, làm phần lớn lá bị khô, cây lúa sẽ suy yếu, không quang hợp đủ và chắc chắn giảm năng suất. Mức độ giảm còn tùy thuộc vào giai đoạn cây bị bệnh và mức độ lây lan trên ruộng."
Bệnh nào trên lá làm lúa chết nhanh nhất?,"Các bệnh như đạo ôn nặng, khô vằn cổ bông hoặc bạc lá nặng đều có thể làm cây suy kiệt và chết nhanh nếu gặp thời tiết thuận lợi cho bệnh. Tuy nhiên, mức độ thiệt hại còn phụ thuộc vào thời điểm cây bị bệnh và mật độ bệnh trên ruộng."
Tôi phải chụp lá lúa như thế nào để AI nhận bệnh được chính xác?,"Bạn nên chọn lá đang nghi ngờ bị bệnh, cầm sao cho lá chiếm phần lớn khung hình, chụp cận cảnh, rõ nét, không rung tay, không để quá nhiều nền phức tạp phía sau. Chụp nơi có đủ ánh sáng và tránh chụp ngược sáng để AI nhận diện rõ triệu chứng trên lá."
Tôi cần chụp cả bụi lúa hay chỉ một lá thôi?,"Bạn có thể chụp cả bụi lúa nếu muốn thấy nhiều lá, nhưng tốt nhất nên chụp riêng những lá có triệu chứng rõ rệt để AI tập trung phân tích vùng bệnh. Nếu nghi ngờ nhiều lá, có thể chụp nhiều ảnh khác nhau."
Chụp buổi chiều tối có dùng được không?,"Có thể dùng được nếu ánh sáng còn đủ, nhưng ảnh chụp buổi chiều tối thường dễ bị thiếu sáng, nhiễu, làm AI khó nhận diện. Bạn nên chụp vào ban ngày hoặc bổ sung ánh sáng, tránh chụp trong điều kiện quá tối."
Ảnh hơi rung một chút có ảnh hưởng đến kết quả không?,"Ảnh bị rung làm mờ chi tiết đốm bệnh, khiến AI khó nhận diện chính xác. Nên cố gắng giữ máy ổn định, chụp nhiều ảnh nếu cần. Nếu ảnh bị rung nhiều, kết quả có thể sai lệch hoặc AI không phát hiện được bệnh."
Có cần đưa điện thoại lại sát lá lúa không?,"Nên chụp đủ gần để thấy rõ chi tiết trên lá, nhưng không quá sát đến mức khó lấy nét. Lý tưởng là lá chiếm phần lớn khung hình, vẫn rõ đường viền và các đốm, vết cháy trên lá."
Lúa bị đạo ôn thì nên xử lý như thế nào?,"Khi phát hiện bệnh đạo ôn, bạn nên giảm bón đạm, giữ ruộng thông thoáng và sử dụng thuốc đặc trị đạo ôn theo khuyến cáo của cơ quan chuyên môn. Nên phun sớm khi bệnh mới xuất hiện, tránh đợi bệnh lây lan rộng."
Bệnh bạc lá có cần nhổ bỏ cây không?,"Thường không cần nhổ bỏ cả cây, mà tập trung vào quản lý nước, dinh dưỡng và dùng thuốc phù hợp để hạn chế bệnh lây lan. Tuy nhiên, với những cây bị bệnh quá nặng, có thể tỉa bớt để giảm nguồn lây."
Lúa bị đốm nâu nhiều rồi có cứu được không?,"Nếu bệnh đốm nâu mới ở mức trung bình và cây còn khỏe, bạn vẫn có thể cứu bằng cách bón bổ sung phân cân đối, dùng thuốc đặc trị và giữ ruộng thông thoáng. Nếu bệnh quá nặng, lá đã khô nhiều, khả năng phục hồi sẽ kém hơn."
"Khi lúa bị bệnh, phun thuốc lúc nào là tốt nhất?","Thời điểm phun tốt nhất là khi bệnh mới xuất hiện, vào lúc trời mát, không mưa, gió nhẹ để thuốc bám tốt lên lá. Nên tuân thủ liều lượng và thời gian cách ly theo khuyến cáo, tránh phun quá liều hoặc phun khi trời nắng gắt."
"Khi bệnh đã giảm, có cần tiếp tục phun thuốc không?","Nếu bệnh đã được khống chế và điều kiện thời tiết không còn thuận lợi cho bệnh phát triển, có thể giảm hoặc dừng phun thuốc để tiết kiệm chi phí và tránh tồn dư. Tuy nhiên, vẫn nên theo dõi sát đồng ruộng để kịp thời xử lý nếu bệnh quay lại."
Bệnh lá lúa có liên quan đến việc bón phân không đúng cách không?,"Có. Bón thừa đạm, thiếu cân đối N–P–K làm cây lúa xanh tốt quá mức nhưng yếu, dễ nhiễm bệnh hơn. Ngược lại, thiếu dinh dưỡng cũng làm cây suy yếu, giảm sức chống chịu. Quản lý dinh dưỡng hợp lý là yếu tố rất quan trọng để hạn chế bệnh."
Bón nhiều đạm có dễ làm lúa bị cháy lá không?,"Bón quá nhiều đạm khiến cây lúa xanh rậm, thân lá mềm, dễ nhiễm các bệnh như đạo ôn, cháy lá. Khi bệnh phát triển, lá sẽ bị cháy từng mảng hoặc từng vệt. Do đó, nên bón đạm hợp lý, kết hợp phân lân và kali."
"Khi lúa bị bệnh, có nên bón phân thêm không?","Nếu bệnh đã làm cây suy yếu, có thể bổ sung phân cân đối (đặc biệt là kali) để tăng sức chống chịu, nhưng không nên bón thêm nhiều đạm vì đạm làm tăng nguy cơ bệnh nặng hơn. Tốt nhất là tham khảo khuyến cáo cụ thể cho từng giai đoạn."
Dùng phân hữu cơ có giúp giảm bệnh lá không?,"Phân hữu cơ giúp cải tạo đất, tăng độ tơi xốp và hệ vi sinh có lợi, từ đó tăng sức khỏe tổng thể của cây lúa và khả năng chống chịu bệnh. Tuy nhiên, vẫn cần kết hợp với quản lý nước, giống, dinh dưỡng và phòng trừ dịch hại hợp lý."
Bệnh lá lúa có thể tái phát lại sau khi đã chữa không?,"Có. Nếu điều kiện thời tiết, giống, mật độ gieo trồng và dinh dưỡng vẫn như cũ, bệnh hoàn toàn có thể tái phát trong cùng vụ hoặc vụ sau. Vì vậy, ngoài việc chữa bệnh, cần chú ý biện pháp phòng ngừa lâu dài."
Ruộng hay bị đọng nước có làm bệnh lá nặng hơn không?,"Ruộng đọng nước lâu ngày dễ tạo điều kiện cho nấm và vi khuẩn phát triển, rễ cây thiếu oxy, cây suy yếu và dễ nhiễm bệnh. Cần đảm bảo ruộng thoát nước tốt, đặc biệt sau mưa lớn."
Trồng lúa thưa hơn có ít bệnh hơn không?,"Gieo trồng với mật độ hợp lý giúp ruộng thông thoáng, giảm độ ẩm quá cao trong tán lá, từ đó giảm nguy cơ bệnh lá lúa phát triển. Trồng quá dày làm cây cạnh tranh, dễ đổ ngã và bệnh lây lan nhanh."
Mưa nhiều có làm bệnh lây nhanh hơn không?,"Có. Mưa nhiều làm lá luôn ẩm, tạo điều kiện cho bào tử nấm và vi khuẩn lây lan qua giọt nước, dòng chảy, gió. Sau các đợt mưa kéo dài, cần kiểm tra ruộng thường xuyên để phát hiện sớm bệnh."
Ốc bươu vàng trong ruộng có gây bệnh lá không?,"Ốc bươu vàng chủ yếu gây hại cây lúa giai đoạn mạ và cây con, ăn thân và rễ, không trực tiếp gây bệnh lá. Tuy nhiên, cây bị ốc cắn hại sẽ suy yếu và dễ bị các bệnh khác tấn công hơn."
Bệnh lá lúa có lây theo gió không?,"Một số bệnh do nấm có bào tử phát tán theo gió, mưa, đặc biệt khi gặp điều kiện thời tiết thuận lợi. Do đó, ruộng gần nơi có nguồn bệnh dễ bị lây lan nếu không có biện pháp phòng trừ phù hợp."
AI trong RiceSense có nhận diện được những bệnh khó nhìn không?,"AI có thể nhận diện những mẫu hình mà mắt thường khó nhận ra, miễn là trong dữ liệu huấn luyện có nhiều ví dụ tương tự. Tuy nhiên, với các bệnh rất mới hoặc biểu hiện chưa rõ, AI cũng có thể gặp khó khăn giống như con người."
AI có bao giờ đoán sai bệnh không?,"Trong thực tế, không có mô hình nào đúng 100%. AI có thể đoán sai khi ảnh mờ, ánh sáng kém, triệu chứng bệnh giao thoa hoặc bệnh ngoài phạm vi đã được huấn luyện. Vì vậy, kết quả AI nên dùng để tham khảo, không thay thế hoàn toàn kinh nghiệm."
"Tôi không rành điện thoại, dùng app RiceSense có khó không?","App được thiết kế với giao diện đơn giản, có hướng dẫn bằng tiếng Việt từng bước, nên ngay cả khi chưa quen dùng smartphone, bạn vẫn có thể làm theo: mở app, bấm nút chụp hoặc chọn ảnh, chờ kết quả trả về."
"Điện thoại tôi đời cũ, dùng app có được không?","Nếu điện thoại có thể cài đặt ứng dụng và kết nối internet, vẫn dùng được RiceSense. App chủ yếu gửi ảnh lên server để xử lý nên không đòi hỏi cấu hình máy quá mạnh."
AI RiceSense có giúp giảm tiền thuốc bảo vệ thực vật không?,"Có. Khi chẩn đoán đúng bệnh và đúng thời điểm, bạn sẽ tránh được việc phun thuốc tràn lan hoặc phun sai loại, từ đó giảm chi phí thuốc, công lao động và bảo vệ môi trường tốt hơn."
"Tôi ở vùng sóng yếu, RiceSense có dùng được không?","Ở vùng sóng yếu, thời gian tải ảnh và trả kết quả có thể chậm hơn, nhưng nếu vẫn có kết nối 3G/4G thì hệ thống vẫn hoạt động. Bạn có thể chụp ảnh sẵn và chờ khi sóng ổn định hơn để gửi lên."
App RiceSense có nặng máy không?,"App được thiết kế tối ưu để nhẹ, chủ yếu làm nhiệm vụ giao tiếp với server. Phần xử lý nặng được thực hiện trên máy chủ, nên điện thoại không bị quá tải."
RiceSense có lưu lại ảnh của tôi để xem lại sau không?,"Tùy thiết lập, hệ thống có thể lưu lịch sử ảnh và kết quả để bạn xem lại. Điều này giúp bạn theo dõi diễn biến bệnh theo thời gian. Bạn cũng có thể xóa lịch sử nếu không muốn lưu."
Tôi có cần cập nhật app thường xuyên không?,"Nên cập nhật app khi có phiên bản mới để nhận được những cải tiến về giao diện, tốc độ và độ chính xác của AI. App có thể thông báo khi có bản cập nhật quan trọng."
Khi nào bệnh lá lúa thường xuất hiện nhiều nhất trong năm?,"Bệnh lá lúa thường xuất hiện mạnh vào mùa mưa, thời điểm ẩm độ cao, đặc biệt ở giai đoạn lúa đẻ nhánh đến làm đòng. Tuy nhiên, còn tùy vùng khí hậu và lịch thời vụ của từng địa phương."
Tôi nên kiểm tra ruộng lúa bao lâu một lần để kịp phát hiện bệnh?,"Nên kiểm tra ruộng thường xuyên, đặc biệt sau những đợt mưa lớn hoặc khi thấy thời tiết thay đổi bất lợi. Việc kiểm tra 5–7 ngày một lần trong giai đoạn nhạy cảm sẽ giúp phát hiện bệnh sớm hơn."
Bệnh lá lúa có làm hạt lúa bị lép nhiều không?,"Có. Khi lá bị bệnh nặng, khả năng quang hợp giảm, cây không đủ dinh dưỡng nuôi hạt, dẫn đến tỉ lệ lép cao, hạt nhỏ và giảm chất lượng gạo. Một số bệnh còn tấn công trực tiếp vào cổ bông hoặc hạt."
Lúa bị bệnh lá có ảnh hưởng đến chất lượng gạo bán ra không?,"Có thể. Nếu bệnh làm cây suy yếu, hạt không chắc, gạo thu hoạch sẽ có chất lượng thấp hơn, tỷ lệ hạt xấu tăng, từ đó giá bán giảm. Vì vậy, kiểm soát bệnh lá cũng là bảo vệ giá trị thương phẩm của gạo."
Bệnh lá có lan xuống thân hoặc rễ không?,"Một số bệnh có thể phát triển từ lá lan xuống các bộ phận khác, ví dụ đạo ôn có thể lan vào cổ bông. Tuy nhiên, nhiều bệnh lá chủ yếu gây hại trên lá. Dù vậy, bộ phận nào bị hại thì sức khỏe tổng thể của cây cũng đều giảm."
Hợp tác xã có thể dùng RiceSense để quản lý ruộng của nhiều hộ không?,"Có. HTX có thể dùng tài khoản quản lý để tổng hợp kết quả từ các hộ nông dân, xem bản đồ bệnh theo khu vực, phân tích xu hướng và lập kế hoạch phòng trừ bệnh đồng loạt, giảm chi phí chung."
RiceSense có thể báo trước nguy cơ bệnh cho ruộng không?,"Trong tương lai, khi tích lũy đủ dữ liệu, RiceSense có thể kết hợp thông tin thời tiết, lịch sử bệnh và mô hình dự báo để cảnh báo nguy cơ bệnh sớm cho từng vùng. Hiện tại, hệ thống chủ yếu hỗ trợ chẩn đoán từ ảnh."
"App RiceSense có hướng dẫn phòng bệnh không, hay chỉ phát hiện bệnh?","Ngoài việc nhận diện bệnh, RiceSense có thể cung cấp các khuyến cáo cơ bản về phòng và trị bệnh, gồm cả biện pháp canh tác, quản lý nước, dinh dưỡng và sử dụng thuốc theo khuyến cáo an toàn."
"Tôi muốn tìm hiểu thêm kiến thức về bệnh lúa, RiceSense có tài liệu không?","RiceSense có thể tích hợp mục 'Thư viện kiến thức' hoặc chatbot để cung cấp bài viết, hình ảnh minh họa và video hướng dẫn về các loại bệnh lúa, giúp nông dân, học sinh và giáo viên dễ dàng tra cứu và học tập."
